Year,T
2009,7.56
2009,11.3
2009,17.38
2009,4.15
2009,0.17
2009,5.09
2009,5.97
2009,9.46
2009,15.18
2009,3.18
2009,4.68
2009,8.45
2009,1.86
2009,5.42
2009,0.02
2009,-1.01
2009,7.85
2009,8.3
2009,8.34
2009,5.61
2009,8.28
2009,12.12
2009,14.16
2009,2.22
2009,5.51
2009,5.06
2009,0.4
2009,-2.31
2009,2.17
2009,6.34
2009,9.58
2009,10.35
2009,6.77
2009,7.05
2009,3.8
2009,10.06
2009,15.44
2009,17.35
2009,16.2
2009,15.69
2009,16.96
2009,12.69
2009,12.74
2009,14.42
2009,6.32
2009,7.57
2009,7.7
2009,13.5
2009,14.51
2009,7.37
2009,10.29
2009,7.38
2009,6.38
2009,9.91
2009,15.35
2009,17.14
2009,21.71
2009,14.91
2009,4.52
2009,2.74
2009,5.6
2009,10.7
2009,15.82
2009,20.68
2009,20.52
2009,21.27
2009,20.67
2009,21.5
2009,20.11
2009,5.24
2009,4.14
2009,3.62
2009,8.27
2009,10.1
2009,13.56
2009,16.71
2009,16.93
2009,17.36
2009,16.05
2009,17.16
2009,18.85
2009,20.84
2009,19.34
2009,12.64
2009,16.04
2009,13.67
2009,5.77
2009,11.08
2009,15.65
2009,12.48
2009,14.13
2009,13.18
2009,12.51
2009,18.18
2009,11.79
2009,8.03
2009,10.19
2009,18.13
2009,20.81
2009,14.39
2009,14.39
2009,16
2009,13.46
2009,15.18
2009,15.95
2009,17.79
2009,17.53
2009,17.9
2009,16.09
2009,17.3
2009,20.55
2009,22.94
2009,22.91
2009,21.94
2009,22.78
2009,22.96
2009,20.96
2009,20.3
2009,21.76
2009,23.05
2009,24.18
2009,21.42
2009,17.73
2009,17.38
2009,21.15
2009,24.16
2009,25.45
2009,26.13
2009,21.56
2009,20.94
2009,20.1
2009,22.7
2009,25.6
2009,23.87
2009,24.1
2009,19.39
2009,16.79
2009,16.99
2009,18.5
2009,19.12
2009,21.37
2009,23.3
2009,22.41
2009,22.62
2009,24.15
2009,24.34
2009,20.6
2009,21.53
2009,22.99
2009,23.49
2009,25.32
2009,25.26
2009,25.17
2009,23.02
2009,21.45
2009,22.89
2009,25.77
2009,26.23
2009,27.33
2009,27.96
2009,25.9
2009,26.15
2009,27.47
2009,28.12
2009,27.41
2009,27.73
2009,28.68
2009,28.63
2009,29.37
2009,29.8
2009,29.94
2009,30.01
2009,30.75
2009,31.3
2009,31.81
2009,31.69
2009,32.02
2009,32.69
2009,32.64
2009,28.6
2009,28.99
2009,30.62
2009,32.13
2009,32.88
2009,32.85
2009,26.87
2009,27.12
2009,28.62
2009,30.7
2009,31.94
2009,32.81
2009,32.99
2009,33.72
2009,34.62
2009,34.45
2009,33.92
2009,33.16
2009,30.06
2009,29.08
2009,30.45
2009,28.62
2009,29
2009,27.22
2009,27.81
2009,28.31
2009,32.01
2009,31.45
2009,26.22
2009,28.35
2009,27.64
2009,26.87
2009,26.7
2009,26.92
2009,28.26
2009,29.7
2009,30.08
2009,30.63
2009,30.09
2009,31.04
2009,30.64
2009,29.91
2009,31
2009,29.69
2009,28.99
2009,28.15
2009,28.72
2009,30.98
2009,31.36
2009,31.62
2009,30.27
2009,31.22
2009,30.42
2009,27.88
2009,27.52
2009,27.3
2009,29.11
2009,30.6
2009,30.02
2009,27.28
2009,26.9
2009,25.4
2009,25.51
2009,24.77
2009,25.93
2009,27.37
2009,28.43
2009,24.7
2009,25.73
2009,27.83
2009,28.6
2009,28.77
2009,28.18
2009,27.19
2009,24.18
2009,22.35
2009,22.06
2009,21.07
2009,22.91
2009,21.43
2009,22.01
2009,22.82
2009,24
2009,24.98
2009,25.86
2009,19.14
2009,18.07
2009,18.21
2009,19.17
2009,22.49
2009,24.59
2009,21
2009,18.36
2009,21.57
2009,23.57
2009,16.99
2009,17.57
2009,18.68
2009,18.22
2009,21.76
2009,17.26
2009,25.1
2009,12.75
2009,10.74
2009,13.56
2009,16.49
2009,18.93
2009,22.71
2009,18.24
2009,13.56
2009,14.13
2009,13.02
2009,15.79
2009,18.67
2009,18.91
2009,13.72
2009,10.71
2009,14.01
2009,17.49
2009,11.29
2009,11.67
2009,15.93
2009,18.51
2009,10.74
2009,12.61
2009,14.2
2009,15.51
2009,15.16
2009,15.77
2009,16.16
2009,15.72
2009,15.69
2009,17.34
2009,17.94
2009,17.2
2009,15.33
2009,14.94
2009,15.96
2009,17.86
2009,17.63
2009,8.68
2009,7.43
2009,9.3
2009,12.87
2009,13.63
2009,12.45
2009,11.45
2009,12.22
2009,9.31
2009,8.34
2009,7.92
2009,9.33
2009,12.84
2009,12.97
2009,6.99
2009,5.13
2009,3.9
2009,1.64
2009,-0.22
2009,0.63
2009,3.1
2009,4.31
2009,6.94
2009,-2
2009,-1.62
2009,2.88
2009,5.23
2009,9.09
2009,9.81
2009,0.46
2009,1.22
2009,4.7
2009,5.84
2009,4.21
2009,4.85
2009,8.74
2009,12.87
2009,16.99
2009,2.32
2009,-1.86
2009,0.11
2009,0.11
2009,1.09
2009,1.17
2009,5.76
2009,3.96
2010,1.51
2010,2.83
2010,1.87
2010,-2.26
2010,-1.6
2010,2.05
2010,-3.32
2010,-5.88
2010,-5.07
2010,-3.47
2010,1.83
2010,2.83
2010,5.76
2010,8.44
2010,8.17
2010,7.53
2010,7.87
2010,10.74
2010,13.69
2010,14.99
2010,10.01
2010,12.61
2010,12.85
2010,7.09
2010,6.67
2010,6.01
2010,10.29
2010,11.8
2010,2.53
2010,-1.76
2010,-0.08
2010,3.73
2010,5.36
2010,4.52
2010,4.9
2010,6.8
2010,3.58
2010,4.38
2010,4.29
2010,-0.61
2010,0.02
2010,0.38
2010,0.28
2010,2.88
2010,2.6
2010,0.1
2010,1.14
2010,2.59
2010,5.8
2010,8.07
2010,12.23
2010,11.69
2010,3.18
2010,1.16
2010,1.59
2010,5.29
2010,4.65
2010,7.05
2010,8.73
2010,6
2010,4.64
2010,6.9
2010,9.51
2010,11.98
2010,12.55
2010,11.35
2010,13.8
2010,14.47
2010,12.32
2010,10.01
2010,9.81
2010,10.46
2010,11.54
2010,11.11
2010,10.06
2010,9.52
2010,9.31
2010,13.36
2010,4.29
2010,3.36
2010,8.17
2010,13.15
2010,15.73
2010,10.45
2010,10.77
2010,13.69
2010,10.56
2010,12.89
2010,15.57
2010,17.98
2010,19.3
2010,19.1
2010,14.77
2010,20.06
2010,21.65
2010,21.26
2010,16.3
2010,11.82
2010,13.8
2010,16.08
2010,17.9
2010,19.61
2010,18.37
2010,18.69
2010,19.58
2010,19.75
2010,17.91
2010,14.51
2010,14.15
2010,16.47
2010,18.39
2010,19.23
2010,21.1
2010,18.05
2010,16.84
2010,15.79
2010,14.14
2010,16.81
2010,20.66
2010,22.58
2010,18.39
2010,18.52
2010,18.11
2010,18.78
2010,21.75
2010,22.39
2010,21.3
2010,16.74
2010,16.93
2010,23.25
2010,24.59
2010,24.37
2010,23.8
2010,21.71
2010,21.52
2010,23.2
2010,23.74
2010,22.09
2010,24.28
2010,25.19
2010,24.6
2010,25.54
2010,26.82
2010,25.67
2010,25.23
2010,26.47
2010,26.81
2010,27.34
2010,27.51
2010,27.61
2010,28.02
2010,28.78
2010,27.47
2010,25.97
2010,27.53
2010,28.82
2010,29.47
2010,29.59
2010,28.17
2010,26.13
2010,27.68
2010,28.69
2010,29.67
2010,29.51
2010,29.1
2010,29.18
2010,30.32
2010,30.35
2010,30.51
2010,31.06
2010,31.07
2010,31.59
2010,32.06
2010,32.36
2010,30.23
2010,28.14
2010,31.06
2010,31.57
2010,29.84
2010,27.22
2010,27.37
2010,27.53
2010,26
2010,25.85
2010,27.93
2010,28.41
2010,29.24
2010,28.57
2010,26.24
2010,26.09
2010,26.76
2010,29.22
2010,29.06
2010,29.89
2010,30.38
2010,30.73
2010,31.05
2010,31.85
2010,31.81
2010,30.93
2010,30.66
2010,31.07
2010,30.52
2010,29.17
2010,29.39
2010,31.25
2010,29.65
2010,27.28
2010,27.7
2010,29.05
2010,30.39
2010,31.08
2010,32.45
2010,33.01
2010,33.02
2010,33.52
2010,34.58
2010,33.28
2010,31.85
2010,32
2010,32.79
2010,33.4
2010,34.25
2010,34.59
2010,34.83
2010,34.22
2010,34.1
2010,33.4
2010,32.64
2010,30.72
2010,31.89
2010,32.69
2010,33.46
2010,34.04
2010,35.31
2010,31.25
2010,25.71
2010,28.13
2010,27.77
2010,28.72
2010,31.05
2010,31.27
2010,31.38
2010,28.27
2010,26.74
2010,23.95
2010,23.49
2010,25.29
2010,27.78
2010,25.58
2010,25.14
2010,27.75
2010,27.74
2010,27.9
2010,28.11
2010,26.97
2010,27.23
2010,26.14
2010,26.66
2010,27.81
2010,27.85
2010,27.63
2010,26.45
2010,25.36
2010,26.61
2010,27.16
2010,25.59
2010,23.21
2010,19.23
2010,16.93
2010,20.32
2010,20.72
2010,21.11
2010,19.69
2010,19.26
2010,14.78
2010,14.56
2010,15.6
2010,18.25
2010,20.55
2010,19.64
2010,19.77
2010,20.75
2010,21.68
2010,19.49
2010,18.81
2010,16.03
2010,18.42
2010,18.98
2010,18.79
2010,21.12
2010,22.41
2010,21.36
2010,21.96
2010,22.71
2010,21.62
2010,21.53
2010,22.16
2010,18.7
2010,17.56
2010,13.37
2010,11.7
2010,14.09
2010,16.86
2010,16.12
2010,12.84
2010,12.85
2010,11.45
2010,9
2010,9.26
2010,10.79
2010,14.02
2010,16.21
2010,18.04
2010,19.23
2010,17.59
2010,9.73
2010,9.35
2010,9.7
2010,10.4
2010,11.33
2010,7.32
2010,9.1
2010,13.84
2010,19.99
2010,20.51
2010,17.83
2010,22.92
2010,8.88
2010,4.49
2010,6.57
2010,10.31
2010,14.68
2010,4.77
2010,6.28
2010,8.95
2010,12.34
2010,10.36
2010,3.96
2010,3.2
2010,5.01
2010,5.04
2010,6.77
2010,8.99
2010,9.46
2010,1.63
2010,1.86
2010,7.33
2010,13.99
2010,7.1
2010,4.3
2010,4.55
2010,7.21
2010,14
2010,14.39
2010,7.54
2010,6.28
2010,5.27
2010,1.2
2010,-0.98
2010,1.85
2010,5.81
2010,14.21
2010,15.26
2010,11.23
2011,0.54
2011,0.78
2011,5.1
2011,7.45
2011,5.98
2011,6.81
2011,8.04
2011,4.69
2011,0.1
2011,-2.44
2011,-5.39
2011,-4.62
2011,-2.79
2011,0.59
2011,5
2011,5.19
2011,7.57
2011,7.06
2011,4.69
2011,1.07
2011,-0.59
2011,4.66
2011,3.66
2011,2.09
2011,4.15
2011,4.91
2011,6.62
2011,10.7
2011,12.23
2011,12.35
2011,7.85
2011,-4.86
2011,-7.73
2011,-6.36
2011,-5.25
2011,-0.33
2011,3.48
2011,2.48
2011,3.96
2011,-2.9
2011,-3.08
2011,2.48
2011,6
2011,8.88
2011,11.09
2011,15.68
2011,16.8
2011,18.46
2011,18.92
2011,17.28
2011,18.83
2011,14.7
2011,10.9
2011,17.86
2011,17.56
2011,7.05
2011,13.66
2011,20.08
2011,10.59
2011,10.21
2011,13.13
2011,14.41
2011,16.78
2011,7.88
2011,7.16
2011,11.16
2011,17.45
2011,10.87
2011,10.08
2011,13.91
2011,17.47
2011,17.8
2011,10.79
2011,10.66
2011,16.93
2011,21.41
2011,21.7
2011,21.39
2011,20.67
2011,21.66
2011,21.57
2011,19.67
2011,17.04
2011,22.52
2011,20.3
2011,10.78
2011,11.41
2011,11.32
2011,9.2
2011,14.15
2011,21.28
2011,21.91
2011,24.13
2011,15.74
2011,14.19
2011,19.16
2011,22
2011,24.91
2011,25.33
2011,25.26
2011,19.38
2011,18.39
2011,19.16
2011,22.77
2011,16.79
2011,15.46
2011,19.5
2011,26.2
2011,26.26
2011,19.96
2011,22.3
2011,26.16
2011,26.07
2011,24.2
2011,23.9
2011,20.89
2011,17.67
2011,17.51
2011,21.28
2011,24.06
2011,14.94
2011,9.97
2011,13.18
2011,16.12
2011,18.43
2011,21.1
2011,24.25
2011,26.57
2011,27.29
2011,24.86
2011,22.59
2011,22.63
2011,19.26
2011,15.76
2011,16.82
2011,17.24
2011,20.35
2011,24.36
2011,25.68
2011,24.96
2011,25.86
2011,26.22
2011,25.92
2011,27.06
2011,25.23
2011,21.2
2011,26.05
2011,29.22
2011,28.57
2011,28.4
2011,28
2011,28.86
2011,29.2
2011,30.12
2011,29.7
2011,31.13
2011,30.59
2011,30.92
2011,30.55
2011,30.59
2011,30.79
2011,31.13
2011,31.67
2011,32.43
2011,32.44
2011,32.25
2011,32.7
2011,33.51
2011,34.02
2011,33.52
2011,30.12
2011,28.19
2011,26.91
2011,28.3
2011,29.44
2011,30.07
2011,30.63
2011,31.31
2011,31.48
2011,31.68
2011,32.28
2011,32.39
2011,33.07
2011,33.75
2011,34.09
2011,34.25
2011,34.26
2011,34.08
2011,35.67
2011,34.68
2011,33.13
2011,34.09
2011,34.7
2011,35.28
2011,35.42
2011,35.81
2011,34.84
2011,34.58
2011,34.47
2011,34.57
2011,33.74
2011,34.52
2011,34.31
2011,33.62
2011,35.04
2011,35.36
2011,34.44
2011,35.5
2011,34.66
2011,33.92
2011,33.08
2011,35.25
2011,36.81
2011,37.5
2011,37.91
2011,37.73
2011,36.45
2011,35.75
2011,35.9
2011,35.69
2011,35.95
2011,35.08
2011,33.13
2011,33.6
2011,27.77
2011,31.64
2011,32.73
2011,33.71
2011,33.76
2011,34.62
2011,35.26
2011,36.35
2011,35.27
2011,35.34
2011,35.83
2011,35.72
2011,33.71
2011,35.19
2011,35.12
2011,34.86
2011,34.86
2011,33.31
2011,34.37
2011,33.47
2011,33.68
2011,31.65
2011,30.2
2011,24.5
2011,24.01
2011,24.54
2011,24.77
2011,24.77
2011,27.25
2011,28.31
2011,30.28
2011,33.52
2011,31.6
2011,22.94
2011,24.02
2011,25.55
2011,26.37
2011,23.13
2011,23.59
2011,25.59
2011,21.06
2011,20.25
2011,23.87
2011,26.23
2011,24.06
2011,26.2
2011,27.07
2011,28.87
2011,22.83
2011,20.69
2011,20.22
2011,21.14
2011,21.72
2011,22.47
2011,25.17
2011,26.82
2011,24.61
2011,20.46
2011,19.44
2011,21.82
2011,21.69
2011,18.76
2011,20.32
2011,21.31
2011,21.14
2011,21.67
2011,14.15
2011,12.12
2011,14.12
2011,17.5
2011,20.49
2011,19.78
2011,18.93
2011,20.9
2011,20.82
2011,12.85
2011,10.82
2011,11.16
2011,13.62
2011,16.14
2011,16.97
2011,16.64
2011,7.96
2011,8.87
2011,12.89
2011,19.77
2011,20.64
2011,18.5
2011,9.82
2011,9.82
2011,11.15
2011,15.07
2011,20.14
2011,21.69
2011,21.35
2011,14.49
2011,7.33
2011,11.41
2011,20.2
2011,16.41
2011,11.04
2011,9.71
2011,11.2
2011,10.38
2011,13.95
2011,12.93
2011,5.15
2011,4.81
2011,6.94
2011,6.3
2011,10.19
2011,11.39
2011,13.84
2011,5.86
2011,3.18
2011,-0.73
2011,-0.27
2011,2.91
2011,4.67
2011,4.51
2011,4.62
2011,6.91
2011,11.6
2011,16.75
2011,9.24
2011,5.77
2011,6.13
2011,9.23
2011,12.43
2011,6.45
2011,5.23
2011,7.98
2011,4.21
2011,4.2
2011,5.14
2011,5.05
2011,5.68
2011,6.75
2011,7.7
2011,10.45
2011,11.23
2012,6.99
2012,3.99
2012,5.13
2012,6.34
2012,8.64
2012,12.39
2012,9.18
2012,9.42
2012,6.9
2012,5.8
2012,7.46
2012,0.19
2012,3.69
2012,7.16
2012,8.71
2012,16.52
2012,7.47
2012,3.52
2012,10.17
2012,12.39
2012,4.55
2012,11.13
2012,8.27
2012,10.09
2012,9.4
2012,8.47
2012,9.59
2012,5.4
2012,6.67
2012,10.73
2012,16.02
2012,13.25
2012,14.13
2012,18.17
2012,8.57
2012,4.59
2012,6.44
2012,8.94
2012,4.65
2012,6.15
2012,7.96
2012,-0.84
2012,0.85
2012,3.11
2012,8.6
2012,13.73
2012,8.5
2012,10.54
2012,9
2012,8.37
2012,9.67
2012,11.12
2012,15.36
2012,15.17
2012,8.31
2012,8.76
2012,9.51
2012,13.3
2012,17.76
2012,16.2
2012,16.27
2012,14.23
2012,9.06
2012,11.65
2012,14.32
2012,15.51
2012,18.86
2012,14.41
2012,7.52
2012,9.69
2012,12.83
2012,16.41
2012,19.21
2012,20.37
2012,21.08
2012,20.6
2012,20.86
2012,20.76
2012,21.02
2012,12.69
2012,12.39
2012,11.79
2012,14.51
2012,17.93
2012,19.11
2012,19.44
2012,19.19
2012,19.76
2012,19.77
2012,20.49
2012,21.36
2012,22.9
2012,21.77
2012,20
2012,16.44
2012,16.6
2012,18.14
2012,20.33
2012,20.09
2012,19.71
2012,21.85
2012,21.17
2012,19.88
2012,21.88
2012,23.37
2012,19.46
2012,16.19
2012,17.22
2012,17.78
2012,19.09
2012,16.15
2012,15.16
2012,17.74
2012,16.09
2012,19.54
2012,22.89
2012,24.01
2012,24.14
2012,24.05
2012,23.32
2012,24.16
2012,24.28
2012,24.34
2012,25.41
2012,25.95
2012,26.33
2012,25.13
2012,24.4
2012,19.58
2012,20.7
2012,21.41
2012,20.73
2012,19.34
2012,20.63
2012,21.08
2012,21.52
2012,22.68
2012,23.64
2012,24.41
2012,25.23
2012,25.08
2012,24.8
2012,25.58
2012,27.48
2012,28.22
2012,28.25
2012,27.7
2012,27.24
2012,27.6
2012,28.18
2012,26.19
2012,23.58
2012,22.42
2012,26.24
2012,27.48
2012,27.41
2012,28.83
2012,26.28
2012,21.36
2012,23.39
2012,25.71
2012,27
2012,29.33
2012,27.26
2012,25.54
2012,26.07
2012,26.62
2012,27.4
2012,26.41
2012,27.88
2012,27.01
2012,26.94
2012,28.22
2012,29.79
2012,29.76
2012,30.03
2012,32.42
2012,33.23
2012,32.36
2012,32.02
2012,31.83
2012,31.2
2012,29.18
2012,29.73
2012,30.63
2012,31.12
2012,31.67
2012,32.15
2012,30.4
2012,30.35
2012,29.63
2012,27.77
2012,29.04
2012,28.98
2012,29.34
2012,28.82
2012,26.74
2012,27.85
2012,29.42
2012,30.61
2012,32.13
2012,33.23
2012,34.28
2012,32.63
2012,30.69
2012,30.92
2012,31.95
2012,30.96
2012,31.93
2012,33.85
2012,34.67
2012,34.82
2012,34.89
2012,35.67
2012,35.35
2012,34.27
2012,33.87
2012,34.43
2012,34.45
2012,35.24
2012,32.71
2012,34.35
2012,31.31
2012,30.07
2012,32.35
2012,32.66
2012,30.57
2012,28.66
2012,29.39
2012,29.69
2012,27.15
2012,26.5
2012,25.87
2012,23.5
2012,25.05
2012,25.97
2012,28.14
2012,27.94
2012,27.65
2012,28.63
2012,28.39
2012,27.66
2012,29.4
2012,31.15
2012,31.15
2012,31.4
2012,31.83
2012,32.26
2012,32.77
2012,32.68
2012,32.91
2012,24.15
2012,25.32
2012,26.7
2012,26.74
2012,27.81
2012,26.12
2012,20.91
2012,20.02
2012,19.65
2012,23.25
2012,22.07
2012,21.79
2012,24.39
2012,26.37
2012,26.56
2012,27.05
2012,27.97
2012,27.97
2012,27.57
2012,26.65
2012,25.42
2012,21.22
2012,19.52
2012,20.26
2012,19.73
2012,20.67
2012,22.93
2012,22.46
2012,11.89
2012,10.84
2012,12.69
2012,18.26
2012,20.98
2012,23.96
2012,24.31
2012,23.93
2012,21.16
2012,19.76
2012,18.78
2012,21.02
2012,16.25
2012,16.64
2012,20.43
2012,25.6
2012,24.3
2012,24.02
2012,23.02
2012,20.4
2012,10.61
2012,8.27
2012,9.46
2012,11.54
2012,14.38
2012,18.28
2012,19.58
2012,21.13
2012,20.05
2012,16.85
2012,16.26
2012,14.21
2012,15.15
2012,17.63
2012,21.03
2012,21.04
2012,17.74
2012,7.07
2012,7.58
2012,9.13
2012,8.37
2012,9.4
2012,9.3
2012,12.44
2012,15.79
2012,17.66
2012,17.28
2012,17.27
2012,13.55
2012,7.92
2012,13.45
2012,15.13
2012,7.77
2012,9.75
2012,11.53
2012,16.25
2012,20.07
2012,20.69
2012,20.47
2012,15.79
2012,11.8
2012,13.62
2012,14.23
2012,14.74
2012,13.31
2012,1.81
2012,2.48
2012,4.57
2012,7.65
2012,10.8
2012,14.23
2012,13.68
2012,9.21
2012,11.92
2012,17.55
2012,5.45
2012,6.05
2012,9.36
2012,12.04
2012,4.75
2012,1.99
2012,-3.6
2012,0.76
2012,2.68
2012,0.36
2012,1.6
2012,4.77
2013,3.37
2013,0.45
2013,2.06
2013,4.44
2013,4.8
2013,4.06
2013,4.08
2013,7.57
2013,10.44
2013,10.99
2013,12.5
2013,10.71
2013,0.3
2013,-0.26
2013,-0.39
2013,1.07
2013,4.68
2013,6.07
2013,8.1
2013,10.53
2013,6.56
2013,8.29
2013,13.47
2013,15.03
2013,9.02
2013,10.04
2013,16.19
2013,20.36
2013,18.04
2013,6.67
2013,7.51
2013,5.27
2013,10.03
2013,11.28
2013,14.63
2013,14.56
2013,15.59
2013,16.73
2013,10.06
2013,10.2
2013,13.97
2013,8.91
2013,8.2
2013,6.06
2013,9
2013,6.53
2013,4.92
2013,10.35
2013,13.82
2013,8.57
2013,7.32
2013,11.66
2013,3.34
2013,4.13
2013,9.69
2013,10.08
2013,7.06
2013,6.05
2013,5.61
2013,4.51
2013,3.95
2013,10.29
2013,17.2
2013,8.24
2013,6.2
2013,11.09
2013,13
2013,17.43
2013,9.09
2013,6.41
2013,9.71
2013,11.31
2013,14.38
2013,17.23
2013,18.71
2013,17.82
2013,14.17
2013,12.67
2013,12.49
2013,14.5
2013,12.55
2013,11.26
2013,6.28
2013,4.45
2013,5.57
2013,11.08
2013,15.51
2013,17.26
2013,19.32
2013,17.33
2013,17.61
2013,15.97
2013,9.03
2013,7.24
2013,12.13
2013,17.29
2013,19.2
2013,21.17
2013,22.34
2013,9.23
2013,9.43
2013,14.47
2013,17.23
2013,19.74
2013,22.9
2013,24.05
2013,24
2013,13.35
2013,9.78
2013,12.95
2013,14.69
2013,18.37
2013,14.03
2013,9.37
2013,15.09
2013,19.6
2013,20.26
2013,19.65
2013,22.8
2013,22.57
2013,22.67
2013,11.81
2013,12.25
2013,14.47
2013,13.77
2013,18.05
2013,21.41
2013,22.48
2013,20.72
2013,21.13
2013,20.62
2013,19.36
2013,21.73
2013,23.46
2013,21.63
2013,23.29
2013,25.9
2013,25.94
2013,26.45
2013,27.1
2013,22.46
2013,21.13
2013,23.75
2013,23.66
2013,23.4
2013,24.36
2013,25.24
2013,25.85
2013,24.46
2013,26.77
2013,28.42
2013,26.36
2013,22.88
2013,23.77
2013,26.66
2013,26.88
2013,22.26
2013,22.46
2013,24.51
2013,25.75
2013,27.64
2013,28.38
2013,28.9
2013,30.01
2013,29.73
2013,28.44
2013,29.53
2013,27.72
2013,25.5
2013,27.47
2013,29.31
2013,29.59
2013,29.88
2013,29.87
2013,30.06
2013,30.91
2013,31.19
2013,31.89
2013,32.24
2013,31.48
2013,28.59
2013,25.93
2013,25.94
2013,27.17
2013,29.19
2013,30.01
2013,30.9
2013,31.76
2013,31.86
2013,32.62
2013,33.7
2013,33.09
2013,32.59
2013,32.24
2013,23.68
2013,22.87
2013,24.75
2013,26.12
2013,28.16
2013,28.48
2013,28.07
2013,29.13
2013,29.82
2013,30.08
2013,28.25
2013,28.29
2013,28.77
2013,26.36
2013,27.17
2013,29.34
2013,29.96
2013,30.84
2013,32.19
2013,33.03
2013,32.58
2013,32.56
2013,33.72
2013,33.56
2013,34
2013,32
2013,33.41
2013,31.72
2013,32.98
2013,33.06
2013,32.05
2013,26.8
2013,26.76
2013,26.15
2013,25.72
2013,26.55
2013,28.17
2013,29.17
2013,30.11
2013,31.36
2013,32.52
2013,32.7
2013,32.17
2013,31.05
2013,28.97
2013,31.34
2013,33.38
2013,34.09
2013,34.71
2013,34.36
2013,30.69
2013,31.03
2013,31.73
2013,31.85
2013,32.29
2013,32.22
2013,31.16
2013,30.7
2013,29.44
2013,29.98
2013,30.61
2013,30.52
2013,29.36
2013,29
2013,29.69
2013,29.68
2013,30.41
2013,27.64
2013,23.19
2013,21.3
2013,20.07
2013,21.18
2013,24.28
2013,24.85
2013,25.75
2013,26.18
2013,24.08
2013,21.68
2013,22.98
2013,24.05
2013,26.12
2013,26.84
2013,26.52
2013,18.53
2013,16.22
2013,18.85
2013,18.56
2013,19.74
2013,21.15
2013,24.12
2013,26.46
2013,22.84
2013,21.79
2013,18.31
2013,13.57
2013,14.02
2013,15.34
2013,10.74
2013,13.53
2013,15.15
2013,14.59
2013,18.12
2013,17.41
2013,13.79
2013,17.34
2013,16.85
2013,18.32
2013,21.36
2013,21.69
2013,19.18
2013,15.77
2013,12.33
2013,11.33
2013,14.25
2013,18.81
2013,12.36
2013,10.01
2013,11.73
2013,13.95
2013,13.27
2013,15.06
2013,7.65
2013,3.1
2013,6.76
2013,13.85
2013,18.98
2013,21.28
2013,14.71
2013,13.45
2013,13.26
2013,17.02
2013,2.96
2013,3.57
2013,0.48
2013,1.28
2013,3.33
2013,0.58
2013,3.02
2013,4.69
2013,9.61
2013,13.22
2013,11.59
2013,12.12
2013,13.23
2013,1.17
2013,-3.88
2013,-6.49
2013,-2.37
2013,-2.13
2013,-4.11
2013,-0.46
2013,1.06
2013,5.17
2013,3.98
2013,4.44
2013,6.93
2013,9.36
2013,10.56
2013,14.79
2013,12.03
2013,5.91
2013,1.25
2013,-0.2
2013,1.66
2013,4.74
2013,4.07
2013,6.92
2013,7.67
2013,3.85
2013,0.48
2013,3.2
2014,6.88
2014,-1.09
2014,1.78
2014,7.77
2014,-0.86
2014,-4.97
2014,-0.42
2014,2.44
2014,6.04
2014,12.44
2014,8.99
2014,11.52
2014,9.82
2014,6.98
2014,4.58
2014,6.75
2014,5.59
2014,7.66
2014,7.04
2014,10.39
2014,3.6
2014,4.62
2014,-0.91
2014,-2.49
2014,6.66
2014,11.19
2014,0.37
2014,-3.07
2014,-0.41
2014,4.65
2014,13.68
2014,9.38
2014,0.35
2014,1
2014,3.67
2014,-3.09
2014,-5.21
2014,-1.91
2014,2.36
2014,3.88
2014,0.58
2014,-0.38
2014,2.28
2014,6.67
2014,9.49
2014,9.32
2014,12.68
2014,14.19
2014,14.63
2014,17.15
2014,15.07
2014,9.54
2014,13.57
2014,13.75
2014,9.31
2014,8.94
2014,1.37
2014,4.66
2014,12.83
2014,15.03
2014,0.24
2014,-4.22
2014,1.34
2014,5.5
2014,6.92
2014,8.76
2014,8.17
2014,8.2
2014,14.15
2014,17.82
2014,9.63
2014,11.4
2014,13.93
2014,15.46
2014,8.05
2014,7.54
2014,14.5
2014,10.67
2014,12.51
2014,16.85
2014,14.93
2014,9.72
2014,11.11
2014,9.86
2014,10.73
2014,18.92
2014,18.39
2014,14.25
2014,16.2
2014,18.26
2014,21.44
2014,22.72
2014,22.75
2014,12.74
2014,10.75
2014,10.42
2014,13.06
2014,13.96
2014,16.58
2014,20.32
2014,21.21
2014,22.25
2014,20.98
2014,9.79
2014,9.84
2014,12.07
2014,14.14
2014,17.82
2014,18.42
2014,19.28
2014,21.36
2014,21.21
2014,22.17
2014,22
2014,19.94
2014,22.28
2014,24.7
2014,20.54
2014,18.11
2014,14.02
2014,16.48
2014,18.97
2014,21.56
2014,24.32
2014,24.19
2014,24.79
2014,24.89
2014,22.73
2014,24.57
2014,25.24
2014,25.78
2014,22.87
2014,15.07
2014,15.4
2014,17.67
2014,19.87
2014,20.76
2014,22.15
2014,23.44
2014,24.62
2014,24.99
2014,25.31
2014,24.65
2014,24.38
2014,23.5
2014,22.36
2014,22.88
2014,23.43
2014,25.6
2014,25.41
2014,25.62
2014,27.14
2014,28.09
2014,28.58
2014,29.06
2014,28.82
2014,28.98
2014,29.28
2014,27.47
2014,22.55
2014,23.15
2014,26.78
2014,26.25
2014,26.61
2014,26.5
2014,28.08
2014,28.45
2014,28.06
2014,28.34
2014,27.9
2014,28.42
2014,27.28
2014,24.47
2014,25.59
2014,26.6
2014,24.38
2014,25.32
2014,26.99
2014,27.27
2014,28.59
2014,28.68
2014,27.95
2014,28.47
2014,24.95
2014,27.4
2014,27.94
2014,28.58
2014,29.47
2014,30.1
2014,29.52
2014,30.03
2014,29.46
2014,30.15
2014,31.36
2014,30.92
2014,27.86
2014,26.69
2014,23.82
2014,22.18
2014,23.27
2014,25.52
2014,28.35
2014,29.09
2014,28.89
2014,29.57
2014,30.13
2014,31.25
2014,32.13
2014,29.85
2014,28.37
2014,27.69
2014,25.67
2014,23.95
2014,25.51
2014,27.14
2014,27.53
2014,27.66
2014,30.35
2014,31.57
2014,32.26
2014,31.75
2014,31.12
2014,30.5
2014,28.72
2014,27.5
2014,28.66
2014,30.56
2014,31.6
2014,27.24
2014,27.79
2014,28.44
2014,29.91
2014,30.39
2014,30.74
2014,30.87
2014,31.52
2014,31.8
2014,31.22
2014,30.66
2014,29.7
2014,27.71
2014,28.61
2014,29.43
2014,30.36
2014,30.72
2014,30.65
2014,30.62
2014,31.1
2014,28.19
2014,26.33
2014,28.47
2014,30.56
2014,31.34
2014,27.05
2014,21.18
2014,18.01
2014,21.55
2014,25.58
2014,25.76
2014,26.7
2014,25.56
2014,26.41
2014,27.43
2014,27.67
2014,24.81
2014,22.71
2014,22.35
2014,23.93
2014,25.1
2014,24.79
2014,25.54
2014,25.81
2014,26.53
2014,28.7
2014,26.52
2014,20.13
2014,18.09
2014,21.56
2014,24.09
2014,26.87
2014,26.08
2014,27.06
2014,26.44
2014,16.16
2014,18.91
2014,18.39
2014,16.72
2014,18.81
2014,20.5
2014,20.54
2014,20.19
2014,18.52
2014,20.1
2014,20.76
2014,20.81
2014,19.55
2014,21.07
2014,22.93
2014,22.67
2014,22.05
2014,21.45
2014,17.87
2014,17.73
2014,13.55
2014,9.22
2014,11.59
2014,16.65
2014,15.71
2014,11.84
2014,12.74
2014,11.67
2014,12.4
2014,12.71
2014,17
2014,6.97
2014,1.89
2014,-0.02
2014,0.83
2014,4.84
2014,2.91
2014,-0.44
2014,3.25
2014,7.5
2014,11.06
2014,16.48
2014,15.47
2014,15.65
2014,8.65
2014,8.47
2014,9.09
2014,6.82
2014,11.15
2014,15.79
2014,19.04
2014,4.6
2014,4.01
2014,10.82
2014,14.7
2014,18.09
2014,11.96
2014,9.02
2014,10.18
2014,9.27
2014,10.68
2014,13.13
2014,15.99
2014,16.27
2014,16.71
2014,11.06
2014,5.85
2014,5.45
2014,7.24
2014,7.82
2014,7.68
2014,9.01
2014,11.95
2014,7.62
2014,4.99
2014,7.09
2014,13.07
2014,4.51
2014,3.06
2014,3.88
2014,3.47
2014,0.37
2015,1.08
2015,2.71
2015,4.82
2015,-1.02
2015,-0.58
2015,3.79
2015,-0.91
2015,-2.96
2015,-0.57
2015,0.15
2015,2.03
2015,3.37
2015,1.17
2015,1.86
2015,5.04
2015,6.63
2015,8.7
2015,8.77
2015,10.25
2015,11.99
2015,9.16
2015,4.72
2015,4.85
2015,5.4
2015,8.29
2015,9.39
2015,13.93
2015,14.77
2015,12.38
2015,7.9
2015,8.47
2015,9.42
2015,-0.17
2015,4.89
2015,7.3
2015,1.02
2015,4.95
2015,10.53
2015,13.5
2015,13.88
2015,13.02
2015,12.72
2015,6.27
2015,8.91
2015,13.64
2015,14.66
2015,2.31
2015,3.04
2015,5.39
2015,5.91
2015,14.35
2015,11.98
2015,3.77
2015,-2.29
2015,-0.96
2015,1.56
2015,-0.51
2015,-3.06
2015,-1.06
2015,2.02
2015,4.38
2015,9.51
2015,4.84
2015,-0.17
2015,3.34
2015,7.09
2015,8.41
2015,8.67
2015,11.53
2015,12.76
2015,14.59
2015,13.04
2015,13.37
2015,14.52
2015,17
2015,19.53
2015,15.55
2015,17.22
2015,13.46
2015,13.73
2015,15.2
2015,16.39
2015,19.49
2015,20.12
2015,12.61
2015,12.07
2015,15.81
2015,18.52
2015,19.87
2015,21.18
2015,21.08
2015,23.28
2015,18.92
2015,13.33
2015,13.64
2015,20.49
2015,22.96
2015,21.97
2015,22.37
2015,15.32
2015,16.8
2015,20.72
2015,19.72
2015,14.58
2015,16.45
2015,18.64
2015,20.21
2015,20.6
2015,18.18
2015,14.32
2015,16.31
2015,20.06
2015,20.7
2015,20.77
2015,20.85
2015,21.28
2015,18.03
2015,12.48
2015,16.06
2015,19.24
2015,20.6
2015,20.36
2015,20.55
2015,21.2
2015,21.41
2015,23.02
2015,23.25
2015,24.48
2015,24.14
2015,23.6
2015,18.41
2015,18.1
2015,19.27
2015,22.52
2015,22.27
2015,23.85
2015,23.71
2015,24.4
2015,23.52
2015,23.12
2015,16.44
2015,19.01
2015,22.32
2015,22.3
2015,21.5
2015,22.41
2015,24.46
2015,24.32
2015,23.6
2015,21.28
2015,20.16
2015,21.38
2015,23.56
2015,24.78
2015,25.52
2015,26.27
2015,26.86
2015,26.41
2015,27.41
2015,28.84
2015,28.01
2015,27.03
2015,27.13
2015,26.58
2015,25.85
2015,26.11
2015,25.13
2015,24.2
2015,26.56
2015,26.72
2015,25.43
2015,25.53
2015,26.77
2015,26.95
2015,27.35
2015,27.12
2015,27.62
2015,26.1
2015,26.02
2015,27.63
2015,27.54
2015,27.02
2015,26.63
2015,26.99
2015,27.51
2015,27.51
2015,27.33
2015,26.77
2015,25.86
2015,26.94
2015,26.57
2015,27
2015,27.99
2015,29.01
2015,29.07
2015,28.07
2015,28.17
2015,28.86
2015,29.64
2015,29.42
2015,29.92
2015,29.1
2015,29.41
2015,30.49
2015,30.2
2015,29.88
2015,29.86
2015,30.43
2015,30.34
2015,30.49
2015,31.3
2015,29.98
2015,29.29
2015,30.25
2015,31.05
2015,30.91
2015,32.49
2015,33.06
2015,33.05
2015,32.76
2015,33.05
2015,33.59
2015,32.58
2015,30.54
2015,30.37
2015,29.92
2015,29.26
2015,30.4
2015,31.31
2015,32.35
2015,26.68
2015,23.5
2015,27.03
2015,29.31
2015,30.38
2015,30.3
2015,29.03
2015,28.72
2015,28.4
2015,28.13
2015,28.76
2015,28.47
2015,29.58
2015,29.63
2015,29.43
2015,29.95
2015,30.57
2015,31.12
2015,31.62
2015,32.91
2015,32.21
2015,25.73
2015,27.21
2015,26.89
2015,23.3
2015,24.89
2015,25.31
2015,25.66
2015,28.59
2015,28.86
2015,29.44
2015,26.82
2015,25.08
2015,26.99
2015,28.47
2015,27.08
2015,26.91
2015,27.23
2015,26.17
2015,25.75
2015,26.44
2015,27.03
2015,26.78
2015,23.58
2015,20.62
2015,19.76
2015,20.57
2015,21.4
2015,21.73
2015,24.29
2015,26.06
2015,25.83
2015,22.04
2015,26.64
2015,27.7
2015,24.48
2015,25.86
2015,26.33
2015,22.87
2015,19.69
2015,19.3
2015,20.36
2015,21.58
2015,24.31
2015,22.6
2015,23.49
2015,17.66
2015,15.07
2015,15.74
2015,17.58
2015,16.66
2015,17.53
2015,17.59
2015,17.9
2015,15.17
2015,16.92
2015,17.56
2015,18.69
2015,21.89
2015,14.92
2015,13.67
2015,11.62
2015,13.03
2015,16.82
2015,19.17
2015,11.8
2015,12.12
2015,11.86
2015,13.28
2015,17.08
2015,15.31
2015,11.38
2015,12.07
2015,13.95
2015,8.03
2015,5.32
2015,7.89
2015,12.04
2015,17.28
2015,18.58
2015,8.97
2015,3.61
2015,5.31
2015,5.82
2015,5.31
2015,5.66
2015,7.93
2015,7.49
2015,6.81
2015,8.84
2015,10.01
2015,11.51
2015,11.85
2015,13.99
2015,14.77
2015,19.94
2015,12.97
2015,10.41
2015,12.43
2015,6.16
2015,5.33
2015,3
2015,6.78
2015,11.12
2015,13.94
2015,12.45
2015,15.9
2015,12.87
2015,12.68
2015,20.32
2015,5.57
2015,0.94
2015,1.57
2015,3.56
2015,3.68
2016,3.16
2016,4.55
2016,4.72
2016,3.15
2016,1.42
2016,5.53
2016,9.62
2016,9.27
2016,3.33
2016,-0.85
2016,2.09
2016,6.21
2016,7.89
2016,10.78
2016,8.56
2016,3.3
2016,3.63
2016,1.06
2016,6.67
2016,3.19
2016,4.79
2016,1.37
2016,1.17
2016,7.3
2016,11.26
2016,4.7
2016,4.51
2016,7.61
2016,11.39
2016,12.62
2016,12.94
2016,13.09
2016,10.4
2016,3.54
2016,3.64
2016,5.47
2016,6.06
2016,7.28
2016,5.56
2016,5.59
2016,9.22
2016,12.21
2016,10.97
2016,10.15
2016,14.62
2016,13.83
2016,11.52
2016,11.03
2016,14.64
2016,18.23
2016,18.67
2016,16.97
2016,13.1
2016,7.97
2016,7.5
2016,6.75
2016,7.13
2016,11.64
2016,15.25
2016,16.52
2016,14.58
2016,12.53
2016,14.28
2016,13.09
2016,14.73
2016,16
2016,17.21
2016,18.13
2016,15.04
2016,15.07
2016,14.7
2016,16.1
2016,16.54
2016,18.56
2016,17.39
2016,15.23
2016,14.47
2016,14.26
2016,8.36
2016,6.25
2016,9.01
2016,14.38
2016,19.93
2016,10.16
2016,11.67
2016,14.94
2016,12.1
2016,11.82
2016,16.33
2016,20.77
2016,16.64
2016,11.75
2016,12.09
2016,14.75
2016,17.9
2016,18.77
2016,16.82
2016,17.76
2016,15.68
2016,15.36
2016,19.53
2016,21.49
2016,15.44
2016,13.95
2016,16.34
2016,17.46
2016,20.08
2016,19.62
2016,19.07
2016,19.93
2016,19.58
2016,18.79
2016,19.58
2016,19.96
2016,19.75
2016,23.46
2016,23.96
2016,21.04
2016,20.71
2016,23.88
2016,19.55
2016,17.4
2016,15.03
2016,16.2
2016,18.49
2016,19.18
2016,20.63
2016,20.74
2016,20.05
2016,22.6
2016,25.22
2016,24.59
2016,22.06
2016,21.54
2016,17.64
2016,17.76
2016,21.08
2016,19.32
2016,15.9
2016,16.13
2016,19.84
2016,22.24
2016,23.07
2016,23.33
2016,25.11
2016,26.33
2016,24.93
2016,23.46
2016,24.53
2016,25.17
2016,24.15
2016,23.85
2016,22.83
2016,21.79
2016,22.67
2016,23.44
2016,23.11
2016,23.19
2016,24.97
2016,25.4
2016,26.01
2016,26.39
2016,26.4
2016,26.06
2016,27.34
2016,27.77
2016,28.05
2016,28.01
2016,28.09
2016,27.85
2016,27.23
2016,27.82
2016,28.44
2016,28.55
2016,28.41
2016,27.66
2016,27.62
2016,28.4
2016,28.49
2016,27.61
2016,27.49
2016,27.83
2016,28.38
2016,29.03
2016,28.76
2016,27.61
2016,28.08
2016,28.89
2016,28.89
2016,28.59
2016,27.15
2016,27.81
2016,28.56
2016,28.75
2016,29.75
2016,30
2016,28.32
2016,29.1
2016,29.05
2016,29.33
2016,29.61
2016,30.3
2016,30.97
2016,31.38
2016,31.71
2016,31.5
2016,30.51
2016,29.88
2016,30.46
2016,28.36
2016,28.52
2016,29.64
2016,30
2016,30.62
2016,30.7
2016,31.59
2016,32.26
2016,32.26
2016,32.35
2016,32.71
2016,32.45
2016,32.49
2016,32.89
2016,34.06
2016,33.64
2016,29.07
2016,27.75
2016,24.86
2016,25.59
2016,24.93
2016,25.04
2016,24.74
2016,24.45
2016,24.12
2016,25.08
2016,27.5
2016,27.56
2016,27.53
2016,26
2016,26.28
2016,26.8
2016,27.2
2016,27.49
2016,28.3
2016,26
2016,25.86
2016,25.21
2016,26.51
2016,28.2
2016,28.71
2016,29.33
2016,29.47
2016,28.81
2016,24.34
2016,23.32
2016,25.56
2016,27.22
2016,27.93
2016,28.04
2016,28.75
2016,28.71
2016,28.08
2016,30.2
2016,29.95
2016,28.07
2016,27.3
2016,28.45
2016,27.1
2016,24.24
2016,19.15
2016,19.8
2016,21.57
2016,18.85
2016,19.34
2016,21.51
2016,21.15
2016,22.56
2016,24.25
2016,26.7
2016,26.29
2016,19.55
2016,17.13
2016,16.56
2016,18.73
2016,20.23
2016,24.22
2016,18.26
2016,18.81
2016,24.18
2016,25.54
2016,25.8
2016,25.93
2016,25.24
2016,19.92
2016,16.33
2016,16.81
2016,18.22
2016,21.38
2016,20.83
2016,21.81
2016,22.68
2016,22
2016,22.47
2016,22.75
2016,22.02
2016,24.09
2016,23.24
2016,21.97
2016,20.14
2016,18.33
2016,17.28
2016,19.36
2016,16.94
2016,15.97
2016,14.98
2016,16.67
2016,14.46
2016,15.06
2016,16.2
2016,16.83
2016,17.96
2016,18.97
2016,14.35
2016,7.24
2016,8.12
2016,12.57
2016,17.24
2016,12.8
2016,13.17
2016,11.48
2016,11.47
2016,14.58
2016,17.01
2016,13.4
2016,9.25
2016,9.44
2016,9.76
2016,8.87
2016,8.7
2016,8.75
2016,7.38
2016,6.82
2016,0.57
2016,-0.06
2016,4.03
2016,12.72
2016,7.4
2016,7.8
2016,5.66
2016,4.64
2016,12.2
2016,9.25
2016,-5.8
2016,-2.5
2016,2.95
2016,8.26
2016,7.18
2016,9.71
2016,16.92
2016,20.59
2016,17.06
2016,12.71
2016,16.22
2016,9.15
2016,8.22
2016,11.84
2017,12.09
2017,14.51
2017,8.06
2017,0.63
2017,0.09
2017,-4.84
2017,-3.39
2017,0.37
2017,7.41
2017,15.58
2017,17.34
2017,17.03
2017,7.26
2017,6.36
2017,12.67
2017,11.69
2017,7.67
2017,8.99
2017,10.95
2017,13.1
2017,12.92
2017,10.79
2017,9.5
2017,14.47
2017,7.6
2017,3.75
2017,4.24
2017,4.8
2017,8.29
2017,11.45
2017,13.15
2017,13.94
2017,5.63
2017,4.78
2017,7.74
2017,14.05
2017,19.55
2017,18.27
2017,12.48
2017,6.98
2017,14.22
2017,20.31
2017,16.45
2017,13.56
2017,7.31
2017,7.26
2017,9.64
2017,12.96
2017,16.91
2017,18.72
2017,16.13
2017,14.56
2017,16.3
2017,18.77
2017,11.42
2017,5.78
2017,10.72
2017,18
2017,20.84
2017,13.37
2017,10.23
2017,12.39
2017,11.17
2017,14.38
2017,21.65
2017,15.16
2017,14.64
2017,19.5
2017,18.81
2017,16.64
2017,9.27
2017,10.93
2017,9.44
2017,10.8
2017,16.71
2017,20.78
2017,21.57
2017,22.06
2017,22.54
2017,21.75
2017,21.98
2017,22.22
2017,21.08
2017,16.44
2017,19.16
2017,18.42
2017,20.15
2017,20.22
2017,16.53
2017,19.16
2017,19.72
2017,16.05
2017,17.21
2017,19.72
2017,13.82
2017,15.67
2017,17.11
2017,20.08
2017,22.09
2017,21.76
2017,18.68
2017,19.98
2017,21.02
2017,21.54
2017,21.74
2017,21.73
2017,20.06
2017,21.25
2017,22.09
2017,23.38
2017,23.02
2017,14.34
2017,15.15
2017,17.92
2017,22.53
2017,18.32
2017,17.17
2017,23.11
2017,22.73
2017,14.36
2017,17.76
2017,22.36
2017,19.75
2017,16.81
2017,18.41
2017,21.12
2017,22.74
2017,22.62
2017,23.87
2017,24.44
2017,24.57
2017,21.46
2017,22.12
2017,24.2
2017,25.36
2017,24.89
2017,26.17
2017,27.11
2017,26.65
2017,20.99
2017,19.6
2017,21.6
2017,18.77
2017,19.6
2017,24.32
2017,28.17
2017,28.81
2017,25.37
2017,24.46
2017,25.72
2017,26.83
2017,24.49
2017,23.11
2017,23.56
2017,23.91
2017,23.29
2017,25.88
2017,24.81
2017,24.57
2017,21.54
2017,25.03
2017,26.12
2017,27.2
2017,28.27
2017,28.41
2017,28.8
2017,28.83
2017,28.51
2017,28.04
2017,27
2017,27.39
2017,26.97
2017,28.26
2017,30.61
2017,23.89
2017,24.93
2017,24.55
2017,26.29
2017,27.03
2017,28.24
2017,29.74
2017,25.92
2017,27.5
2017,27.83
2017,27.66
2017,27.29
2017,27.19
2017,28.22
2017,28.78
2017,26.63
2017,27.48
2017,28.73
2017,28.71
2017,29.44
2017,30.15
2017,28.42
2017,30.04
2017,29.89
2017,30.65
2017,31.11
2017,31.65
2017,31.88
2017,32
2017,31.7
2017,26.87
2017,29.6
2017,30.51
2017,31.62
2017,32.46
2017,31.77
2017,29.47
2017,28.13
2017,27.85
2017,25.17
2017,27.82
2017,28.32
2017,29.43
2017,30.33
2017,27.93
2017,27.17
2017,27.88
2017,29.91
2017,29.74
2017,28.89
2017,26.83
2017,28.1
2017,28.45
2017,28.1
2017,27.89
2017,27.35
2017,29.36
2017,29.73
2017,29.64
2017,29.98
2017,26.61
2017,26.47
2017,26.03
2017,25.12
2017,24.81
2017,25.35
2017,25.54
2017,25.12
2017,25.25
2017,25.14
2017,27.06
2017,28.46
2017,28.57
2017,26.42
2017,21.99
2017,21.93
2017,22.27
2017,23.06
2017,22.69
2017,22.66
2017,21.97
2017,23.74
2017,26.84
2017,27.99
2017,28.64
2017,27.67
2017,28.17
2017,29.23
2017,29.69
2017,28.98
2017,28.91
2017,28.69
2017,28.42
2017,27.93
2017,27.07
2017,25.68
2017,22.65
2017,20.69
2017,22.52
2017,22.86
2017,25.4
2017,26.44
2017,25.7
2017,25.17
2017,25.35
2017,23.87
2017,22.63
2017,25.39
2017,16.76
2017,17.25
2017,22.71
2017,25.89
2017,26.53
2017,18.56
2017,15.75
2017,16.03
2017,17.71
2017,19.39
2017,22.08
2017,24.12
2017,18.18
2017,17.98
2017,14.76
2017,15.41
2017,18.72
2017,9.1
2017,7.29
2017,12.75
2017,14.36
2017,9.91
2017,16.36
2017,21.73
2017,16.1
2017,22.57
2017,24.15
2017,18.87
2017,12.49
2017,7.8
2017,9.19
2017,11.69
2017,15.37
2017,16.94
2017,15.83
2017,18.93
2017,19.65
2017,18.48
2017,22.35
2017,16.14
2017,9.97
2017,10.51
2017,12.75
2017,7.18
2017,10.14
2017,13.11
2017,14
2017,13.31
2017,14.83
2017,16.31
2017,13.01
2017,12.19
2017,13.62
2017,16.89
2017,17.98
2017,20.66
2017,8.79
2017,7.8
2017,3.15
2017,1.08
2017,5.63
2017,8.76
2017,11.32
2017,7.49
2017,9.91
2017,8.34
2017,5.93
2017,7.23
2017,7.65
2017,8.48
2017,11.72
2017,11.47
2017,13.41
2017,5.45
2017,3.54
2017,2.84
2017,1.56
2017,2.16
2017,0.98
2017,2.33
2017,4.28
2017,3.59
2017,-2.21
2018,-5.08
2018,-3.67
2018,-1.1
2018,1.6
2018,4.94
2018,7.25
2018,9.83
2018,7.14
2018,5.91
2018,9.65
2018,6.9
2018,-1.47
2018,0.04
2018,2.53
2018,3.63
2018,-5.41
2018,-4.18
2018,-0.67
2018,4.5
2018,12.79
2018,15.25
2018,7.57
2018,6.12
2018,7.58
2018,8.22
2018,12.57
2018,12.93
2018,8.69
2018,4.69
2018,6.51
2018,11.75
2018,10.36
2018,4.74
2018,7.39
2018,8.9
2018,2.11
2018,3.39
2018,2.04
2018,5.09
2018,11.44
2018,4.1
2018,-0.79
2018,1.32
2018,6.02
2018,13.61
2018,18.97
2018,11.57
2018,10.49
2018,12.28
2018,19.47
2018,15.66
2018,1.56
2018,1.9
2018,6.37
2018,11.34
2018,9.87
2018,11.06
2018,14.05
2018,18.95
2018,13.32
2018,11.68
2018,14.23
2018,18.24
2018,15.91
2018,10.46
2018,6.82
2018,9.99
2018,14.73
2018,19.3
2018,13.64
2018,8.55
2018,8.74
2018,10.24
2018,14.8
2018,18.59
2018,15.51
2018,17.66
2018,14.32
2018,10.36
2018,13.57
2018,16.2
2018,19.16
2018,20.84
2018,19.95
2018,21.74
2018,18.18
2018,15.47
2018,15.38
2018,13.63
2018,17.53
2018,16.24
2018,10.96
2018,18.37
2018,9.97
2018,14.81
2018,19.55
2018,4.76
2018,8.27
2018,13.3
2018,13.61
2018,16.76
2018,20.56
2018,22.47
2018,10.72
2018,9.13
2018,15.7
2018,20.3
2018,18.16
2018,13.47
2018,13.85
2018,15.29
2018,13.77
2018,16.5
2018,20.04
2018,14.28
2018,14.5
2018,17.94
2018,20.07
2018,20.71
2018,20.65
2018,22.98
2018,24.89
2018,23.04
2018,20.08
2018,20.05
2018,22.15
2018,23.79
2018,24.01
2018,23.92
2018,23.6
2018,25.21
2018,25.78
2018,26.27
2018,25.29
2018,25.83
2018,24.91
2018,26.25
2018,28.09
2018,27.18
2018,23.81
2018,25.32
2018,25.63
2018,26.59
2018,26.89
2018,26.87
2018,28.55
2018,29.29
2018,28.74
2018,30
2018,30.36
2018,30.19
2018,30.97
2018,31.98
2018,29.35
2018,25.03
2018,28.96
2018,29.41
2018,28.67
2018,27.76
2018,29.28
2018,29.92
2018,29.46
2018,30.04
2018,31.02
2018,31.74
2018,31.63
2018,31.44
2018,31.19
2018,29.59
2018,28.67
2018,28.72
2018,31.4
2018,33.15
2018,31.8
2018,31
2018,30.5
2018,31.88
2018,32.99
2018,33.13
2018,32.8
2018,32.32
2018,32.49
2018,33.27
2018,33.67
2018,30.8
2018,31.18
2018,30.93
2018,30.21
2018,30.32
2018,29.13
2018,28.32
2018,29.75
2018,29.85
2018,28.41
2018,31.48
2018,32.14
2018,33.28
2018,34.37
2018,34.74
2018,36.21
2018,35.97
2018,36.46
2018,36.94
2018,35.41
2018,33
2018,33.44
2018,34.64
2018,33.35
2018,32.24
2018,33.61
2018,31.09
2018,28.76
2018,28.86
2018,30.35
2018,30.8
2018,31.59
2018,32.34
2018,32.81
2018,33.18
2018,31.5
2018,28.45
2018,26.3
2018,25.38
2018,25.26
2018,25.55
2018,26.62
2018,28.6
2018,28.94
2018,30.04
2018,30.07
2018,29.16
2018,28.69
2018,27.51
2018,27.67
2018,29.75
2018,30.89
2018,30.83
2018,30.65
2018,31.02
2018,30.82
2018,30.47
2018,30
2018,30.72
2018,30.79
2018,30.17
2018,26.37
2018,26.98
2018,27.38
2018,27.92
2018,27.18
2018,23.87
2018,23.13
2018,23.39
2018,24.06
2018,25.41
2018,26.74
2018,26.28
2018,26.5
2018,27.81
2018,28.95
2018,29.09
2018,29.06
2018,26.81
2018,25.33
2018,23.73
2018,21.87
2018,23.81
2018,25.56
2018,19.72
2018,18.94
2018,21.14
2018,22.47
2018,23.18
2018,24.44
2018,24.74
2018,26.12
2018,26.51
2018,26.39
2018,26.22
2018,25.14
2018,24.38
2018,22.71
2018,16.65
2018,15.83
2018,17.4
2018,18.16
2018,17.31
2018,6.48
2018,9
2018,10.27
2018,15.05
2018,14.72
2018,15.38
2018,13.23
2018,11.97
2018,14.72
2018,12.55
2018,13.27
2018,14.42
2018,18.19
2018,20.1
2018,20.16
2018,21.62
2018,16.08
2018,11.69
2018,13.21
2018,14.95
2018,12.7
2018,15.82
2018,17.57
2018,15.96
2018,12.55
2018,8.01
2018,4.89
2018,8.4
2018,4.79
2018,-0.42
2018,0.57
2018,6.25
2018,10.46
2018,11.69
2018,5.18
2018,5.36
2018,6.31
2018,7.42
2018,9.4
2018,12.99
2018,12.58
2018,9.18
2018,3.3
2018,6.91
2018,10.78
2018,14.79
2018,18.27
2018,13.78
2018,8.56
2018,6.05
2018,2.03
2018,4.56
2018,9.11
2018,6.95
2018,3.05
2018,3.08
2018,4.59
2018,6.79
2018,11.26
2018,14.03
2018,6.15
2018,6.1
2018,9.03
2018,7.42
2018,8.34
2018,10.97
2018,9.03
2018,6.79
2018,8.67
2018,6.77
2018,8.25
2018,13.26
2018,15.57
2018,10.29
2018,2.77
2018,1.8
2018,3.15
2018,7.18
2019,1.84
2019,0.63
2019,1.58
2019,4.64
2019,8.17
2019,10.49
2019,14.28
2019,9.92
2019,7.48
2019,6.62
2019,8.63
2019,6.58
2019,1.94
2019,2.54
2019,3.86
2019,8.81
2019,9.66
2019,11.49
2019,1.65
2019,0.48
2019,6.36
2019,11.13
2019,1.35
2019,4.41
2019,3.25
2019,5.66
2019,7.18
2019,6.61
2019,2.44
2019,3.74
2019,6.95
2019,12.13
2019,13.68
2019,16.54
2019,18.21
2019,18.5
2019,20.29
2019,6.33
2019,-0.93
2019,1.93
2019,5.19
2019,10.82
2019,7.96
2019,8.59
2019,15
2019,10.53
2019,3.44
2019,5.21
2019,2.06
2019,2.58
2019,5.68
2019,6.45
2019,8.7
2019,11.81
2019,6.77
2019,8.49
2019,12.08
2019,10.46
2019,1.09
2019,2.86
2019,5.05
2019,2.19
2019,-3.38
2019,0.14
2019,5.1
2019,12.89
2019,17.62
2019,19.3
2019,10.48
2019,12.19
2019,15.66
2019,17.41
2019,12.13
2019,8.13
2019,8.66
2019,11.85
2019,13.71
2019,13.64
2019,12.11
2019,13.87
2019,15.33
2019,17.14
2019,20.02
2019,15.64
2019,14.18
2019,15.63
2019,17.12
2019,18.8
2019,12.2
2019,7.24
2019,8.86
2019,12.01
2019,14.71
2019,19.71
2019,17.95
2019,17.64
2019,17.59
2019,19.68
2019,21.36
2019,22.21
2019,15.39
2019,13.94
2019,13.18
2019,12.17
2019,16.59
2019,19.11
2019,21.93
2019,16.94
2019,13.57
2019,16.68
2019,19.43
2019,20.21
2019,21
2019,18.26
2019,19.4
2019,18.39
2019,20.42
2019,21.82
2019,22.37
2019,22.98
2019,23.39
2019,21.95
2019,20.57
2019,20.18
2019,20.79
2019,22.38
2019,22.83
2019,22.24
2019,18.94
2019,13.62
2019,15.42
2019,18.47
2019,20.53
2019,21.59
2019,22.44
2019,23.37
2019,23.96
2019,24.21
2019,21.86
2019,25.05
2019,22.85
2019,23.88
2019,26.62
2019,26.04
2019,26.01
2019,25.49
2019,25.19
2019,25.06
2019,24.69
2019,22.25
2019,24.67
2019,24.97
2019,25.07
2019,26
2019,25.84
2019,24.19
2019,24.66
2019,24.45
2019,26.36
2019,26.78
2019,21.78
2019,21.12
2019,22.18
2019,23.35
2019,25.04
2019,26.82
2019,24.71
2019,25.31
2019,26.52
2019,28.11
2019,28.98
2019,28.28
2019,27.55
2019,28.1
2019,25.61
2019,26.89
2019,26.57
2019,26.72
2019,27.08
2019,27.45
2019,25.91
2019,26.49
2019,27.03
2019,27.25
2019,27.48
2019,28.01
2019,27.89
2019,27.95
2019,28.63
2019,28.36
2019,28.71
2019,28.53
2019,27.23
2019,28.26
2019,27.69
2019,28.94
2019,30.85
2019,30.49
2019,30.5
2019,30.69
2019,30.61
2019,30.46
2019,28.62
2019,26.92
2019,25.96
2019,25.91
2019,26.39
2019,28.32
2019,30.39
2019,30.65
2019,31.9
2019,30.98
2019,31.24
2019,30.27
2019,29.09
2019,28.64
2019,30.47
2019,31.29
2019,32.4
2019,31.6
2019,32.83
2019,33.19
2019,33.4
2019,33.75
2019,33.02
2019,29.51
2019,31.24
2019,31.64
2019,32.85
2019,32.88
2019,33.12
2019,33.62
2019,33.13
2019,33.07
2019,31.8
2019,28.76
2019,31.07
2019,33.14
2019,27.42
2019,28.71
2019,30.19
2019,29.04
2019,26.1
2019,28.16
2019,29.27
2019,29.71
2019,30.06
2019,30.15
2019,30.52
2019,31.18
2019,31.07
2019,30.35
2019,30.27
2019,30.22
2019,30.23
2019,30.07
2019,30.87
2019,31.21
2019,31.34
2019,30.54
2019,28.75
2019,27.39
2019,29.3
2019,29.71
2019,29.46
2019,29.86
2019,29.82
2019,29.63
2019,29.44
2019,29.4
2019,30.14
2019,29.54
2019,29.79
2019,30.17
2019,29.89
2019,30.16
2019,27.84
2019,28.51
2019,28.31
2019,20.36
2019,20.35
2019,24.67
2019,26.12
2019,12.13
2019,12.4
2019,18.37
2019,20.64
2019,23.95
2019,16.74
2019,15.24
2019,16.65
2019,20.57
2019,22.26
2019,18.4
2019,15.57
2019,18.18
2019,16.33
2019,10.32
2019,13.18
2019,14.76
2019,14.17
2019,9.16
2019,6.41
2019,3.91
2019,6.54
2019,9.33
2019,10.86
2019,15.86
2019,17.95
2019,19.16
2019,10.5
2019,7.97
2019,11.01
2019,14.9
2019,7.99
2019,-1.45
2019,1.9
2019,6.62
2019,7.7
2019,8.35
2019,10.31
2019,12.06
2019,14.63
2019,17.69
2019,19.83
2019,8.76
2019,6.72
2019,10.23
2019,13.64
2019,15.76
2019,7.42
2019,8.17
2019,14.11
2019,17.16
2019,7.33
2019,6.54
2019,9.39
2019,11.24
2019,13.76
2019,11.77
2019,9.19
2019,13.5
2019,12.83
2019,2.86
2019,4.11
2019,6.18
2019,8.97
2019,9.44
2019,11.05
2019,4.04
2019,2.11
2019,4.84
2019,5.43
2019,5.97
2019,7.09
2019,6.89
2019,8.7
2019,9.97
2019,11.85
2019,13.49
2019,15.71
2019,15.62
2019,7.01
2019,4.38
2019,5.33
2020,7.52
2020,11.67
2020,8.64
2020,7.16
2020,9.55
2020,8.6
2020,7.48
2020,8.97
2020,15.49
2020,17.8
2020,1.92
2020,4.58
2020,9.61
2020,12.81
2020,17.74
2020,9.31
2020,11.3
2020,10.04
2020,5.14
2020,6.11
2020,5.43
2020,4.98
2020,8.08
2020,6.99
2020,9.73
2020,11.49
2020,11.46
2020,10.78
2020,5.63
2020,5.06
2020,6.12
2020,8.07
2020,12.75
2020,14.98
2020,10.46
2020,1.99
2020,0.89
2020,5.51
2020,9.87
2020,16.34
2020,7.06
2020,5.31
2020,6.17
2020,2.84
2020,2.55
2020,8.38
2020,13.69
2020,16.73
2020,11.2
2020,8.51
2020,6.56
2020,3.68
2020,7.51
2020,11.52
2020,12.33
2020,8.8
2020,4.09
2020,5.59
2020,9.57
2020,13.2
2020,16.44
2020,16.01
2020,14.87
2020,12.62
2020,12.35
2020,10.54
2020,10.04
2020,12.48
2020,17.52
2020,16.82
2020,21.2
2020,22.24
2020,17.83
2020,16.51
2020,12.98
2020,14.6
2020,18.13
2020,20.67
2020,21.29
2020,11.21
2020,9.49
2020,13.91
2020,18.21
2020,20.6
2020,20.21
2020,22.47
2020,22.62
2020,18.75
2020,15.24
2020,14.38
2020,14.99
2020,15.22
2020,17.08
2020,12.13
2020,7.91
2020,12.55
2020,17.95
2020,22.81
2020,24.47
2020,19.28
2020,15.65
2020,17.91
2020,18.93
2020,7.67
2020,7.93
2020,10.04
2020,14.48
2020,12.67
2020,12.75
2020,17.99
2020,17.38
2020,20.86
2020,21.37
2020,19.6
2020,20.99
2020,17.72
2020,19.68
2020,20.53
2020,23.09
2020,19.32
2020,18.97
2020,20.96
2020,23.09
2020,24.59
2020,24.78
2020,19.91
2020,19.31
2020,21.07
2020,19.18
2020,16.38
2020,18.06
2020,19.17
2020,20.8
2020,22.49
2020,24.78
2020,23.65
2020,20.71
2020,21.67
2020,24.02
2020,24.88
2020,23.25
2020,23.9
2020,25.29
2020,24.58
2020,23.64
2020,20.89
2020,19.41
2020,21.75
2020,22.62
2020,22.91
2020,22.39
2020,23.29
2020,23.28
2020,25.32
2020,26.52
2020,28.04
2020,28.42
2020,28.69
2020,28.1
2020,29.34
2020,28.49
2020,23.26
2020,25.2
2020,25.59
2020,27.03
2020,27.12
2020,28.12
2020,28.73
2020,28.52
2020,28.36
2020,27.76
2020,26.05
2020,25.92
2020,26.91
2020,24.34
2020,25.61
2020,26.22
2020,26.46
2020,27.1
2020,27.15
2020,27.67
2020,27.61
2020,28.96
2020,29.1
2020,30.22
2020,29.73
2020,29.7
2020,27.59
2020,27.82
2020,29.21
2020,29.81
2020,29.57
2020,30.97
2020,31.13
2020,31.91
2020,31.66
2020,30.87
2020,31.13
2020,30.73
2020,30.02
2020,30.68
2020,30.24
2020,28.41
2020,28.52
2020,30.3
2020,31.42
2020,30.41
2020,30.07
2020,30.04
2020,27.82
2020,27.85
2020,30.88
2020,28.12
2020,27.91
2020,29.18
2020,27.23
2020,28.31
2020,27.03
2020,29.16
2020,31.31
2020,31.86
2020,32.31
2020,32.71
2020,32.85
2020,34.03
2020,34.26
2020,34.54
2020,34.2
2020,32.4
2020,28.66
2020,29.31
2020,27.05
2020,27.73
2020,28.04
2020,29.02
2020,30.02
2020,30.65
2020,30.76
2020,29.8
2020,29.37
2020,33.15
2020,32.69
2020,29.23
2020,29.86
2020,29.34
2020,26.35
2020,26.41
2020,26.2
2020,27.09
2020,27.41
2020,28.44
2020,27.57
2020,24.34
2020,17.37
2020,21.1
2020,24.25
2020,24.43
2020,24.06
2020,25.37
2020,25.63
2020,25.42
2020,23.74
2020,21.13
2020,20.97
2020,21.45
2020,21.18
2020,20.97
2020,21.29
2020,21.73
2020,23.52
2020,26
2020,18.82
2020,18.69
2020,21.61
2020,20.56
2020,17.96
2020,19.86
2020,19.61
2020,18.2
2020,21.47
2020,23.06
2020,23.51
2020,24.66
2020,24.12
2020,26.45
2020,21.88
2020,19.36
2020,22.88
2020,20.59
2020,16.2
2020,18.71
2020,25.15
2020,18.05
2020,24.53
2020,24.78
2020,24.5
2020,16
2020,11.31
2020,14.14
2020,8.36
2020,5.05
2020,5.37
2020,8.07
2020,10.26
2020,12.58
2020,13.82
2020,12.5
2020,14.18
2020,15.41
2020,18.6
2020,18.22
2020,16.83
2020,18.41
2020,20.32
2020,17.63
2020,13.43
2020,16.99
2020,17.45
2020,22.3
2020,13.63
2020,12.47
2020,14.1
2020,14.24
2020,16.28
2020,17.96
2020,18.63
2020,13.28
2020,11.23
2020,17.18
2020,11.46
2020,12.23
2020,11.5
2020,8.68
2020,8.41
2020,3.45
2020,5.1
2020,8.37
2020,4.31
2020,5.61
2020,7.99
2020,8.15
2020,8.42
2020,11.02
2020,11.85
2020,13.04
2020,14.22
2020,6.66
2020,3.98
2020,1.96
2020,3.66
2020,2.31
2020,4.75
2020,8.71
2020,11.16
2020,8.59
2020,10.74
2020,12
2020,12.2
2020,3.69
2020,5.85
2020,9.54
2020,11.98
2020,10.24
2020,15.22
2020,8.79
2020,2.68
2021,2.25
2021,3.71
2021,6.06
2021,8.62
2021,9.09
2021,11.31
2021,7.02
2021,4.03
2021,2.35
2021,1.54
2021,2.58
2021,3.22
2021,5.62
2021,7.59
2021,4.9
2021,5.05
2021,6.91
2021,9.81
2021,10.31
2021,7.55
2021,10.63
2021,10.14
2021,9.57
2021,14.35
2021,15.08
2021,7
2021,4.32
2021,2.73
2021,8.08
2021,14.43
2021,7.12
2021,6.32
2021,8.21
2021,11.56
2021,12.03
2021,7.31
2021,6.1
2021,6.13
2021,9.23
2021,1.41
2021,-0.6
2021,-1.72
2021,-2.61
2021,-3.63
2021,-7.57
2021,-11.17
2021,-10.19
2021,-3.79
2021,-3.73
2021,-3.14
2021,2.48
2021,7.48
2021,8.65
2021,13.49
2021,14.35
2021,8.48
2021,10.49
2021,15.14
2021,16.37
2021,9.2
2021,10.16
2021,10.74
2021,13.64
2021,14.04
2021,10.76
2021,10.71
2021,12.4
2021,16.72
2021,19.13
2021,21.18
2021,21.54
2021,20.2
2021,16.83
2021,15.64
2021,17.64
2021,15.5
2021,9.58
2021,10.22
2021,11.92
2021,13.18
2021,14.03
2021,14.76
2021,15.79
2021,14.39
2021,15.89
2021,18.85
2021,14.95
2021,15.47
2021,19.14
2021,13.92
2021,11.97
2021,13.17
2021,15.54
2021,17.17
2021,18.57
2021,21.74
2021,20.13
2021,19.43
2021,22.26
2021,16.08
2021,19.08
2021,20.17
2021,19.55
2021,18.43
2021,14.9
2021,14.97
2021,11.8
2021,13.19
2021,15.8
2021,11.41
2021,10.6
2021,14.15
2021,18.31
2021,17.65
2021,19.06
2021,21.65
2021,21.54
2021,24.63
2021,19.99
2021,19.34
2021,19.81
2021,22.15
2021,25.2
2021,18.87
2021,17.17
2021,20.16
2021,21.41
2021,23.63
2021,23.53
2021,16.06
2021,16.35
2021,16.19
2021,17.8
2021,19.4
2021,21.24
2021,21.34
2021,22.56
2021,21.8
2021,22.28
2021,21.17
2021,23.1
2021,22.62
2021,22.12
2021,22.81
2021,23.31
2021,25.3
2021,25.81
2021,23.41
2021,22.07
2021,20.19
2021,20.99
2021,20.84
2021,21.46
2021,22.03
2021,22.26
2021,22.53
2021,23.84
2021,24.5
2021,25.56
2021,26.7
2021,26.98
2021,27.35
2021,27.71
2021,28.73
2021,27.95
2021,28.09
2021,28.32
2021,28.39
2021,27.51
2021,26.82
2021,28.08
2021,25.9
2021,23.79
2021,27.51
2021,29.21
2021,29.48
2021,28.53
2021,28.13
2021,25.76
2021,25.86
2021,26.9
2021,28.81
2021,26.65
2021,25.47
2021,25.48
2021,26.3
2021,27.69
2021,28.56
2021,28.63
2021,27.39
2021,28.48
2021,27.27
2021,27.05
2021,27.75
2021,27.51
2021,28.22
2021,28.67
2021,28.89
2021,29.45
2021,27.93
2021,27.26
2021,27.47
2021,28.81
2021,29.65
2021,30.72
2021,30.9
2021,31.48
2021,31.08
2021,30.78
2021,30.76
2021,31.91
2021,32.17
2021,30.49
2021,26.78
2021,28.03
2021,27.82
2021,27.73
2021,28.81
2021,29.69
2021,30.5
2021,30.86
2021,31
2021,31.11
2021,31.55
2021,30.26
2021,28.01
2021,27.76
2021,28.68
2021,26.58
2021,26.5
2021,27.77
2021,28.03
2021,29.15
2021,29.49
2021,29.27
2021,29.37
2021,30.38
2021,30.81
2021,29.27
2021,29
2021,27.93
2021,29.98
2021,31.24
2021,31.46
2021,30.9
2021,30.8
2021,31.27
2021,29.72
2021,29.11
2021,28.7
2021,28.07
2021,26.86
2021,27.08
2021,26.42
2021,26.13
2021,27.18
2021,27.14
2021,27.12
2021,28.11
2021,28.27
2021,29.42
2021,29.47
2021,31.31
2021,26.57
2021,21.98
2021,21.73
2021,22.94
2021,24.66
2021,26.15
2021,26.22
2021,26.89
2021,26.86
2021,25.39
2021,23.64
2021,24.74
2021,23.96
2021,22.87
2021,21.92
2021,22.82
2021,25.16
2021,26.34
2021,26.05
2021,26.46
2021,21.36
2021,23.05
2021,23.58
2021,22.95
2021,20.91
2021,15.56
2021,16.59
2021,17.34
2021,19.6
2021,22.47
2021,20.7
2021,20.68
2021,23.66
2021,23.65
2021,22.36
2021,23.55
2021,20.39
2021,17.19
2021,14.78
2021,14.5
2021,16.66
2021,17.41
2021,12.9
2021,9.77
2021,10.21
2021,9.76
2021,10.89
2021,13.48
2021,15.33
2021,17.35
2021,18.99
2021,14.01
2021,11.57
2021,9.56
2021,12.44
2021,15.36
2021,19.95
2021,19.14
2021,10.59
2021,8.83
2021,13.89
2021,15.01
2021,11.1
2021,12.1
2021,16.81
2021,10.63
2021,6.37
2021,9.23
2021,11.23
2021,12.58
2021,13.76
2021,15.77
2021,16.48
2021,17.58
2021,17.93
2021,18.16
2021,10.27
2021,7.16
2021,9.62
2021,17.05
2021,20.5
2021,7.94
2021,6.59
2021,10.52
2021,17.45
2021,21.72
2021,19.21
2021,20.51
2021,10.76
2021,4.36
2021,6.15
2021,7.81
2021,10.23
2021,15.35
2021,19.2
2021,19.75
2021,18.78
2021,19.22
2021,19.72
2021,15.87
2021,14.94
2021,16.28
2022,12.9
2022,-2.63
2022,2.96
2022,6.96
2022,7.2
2022,0.32
2022,1
2022,10.95
2022,8.44
2022,5.12
2022,6.72
2022,7.93
2022,11.58
2022,12.9
2022,1.59
2022,3.05
2022,7.19
2022,12.17
2022,8.98
2022,-1.64
2022,-0.72
2022,2.45
2022,6.96
2022,8.75
2022,7.19
2022,3.22
2022,5.54
2022,4.73
2022,8.15
2022,9.73
2022,12.01
2022,14.16
2022,5.86
2022,-4.84
2022,-3.98
2022,-1.34
2022,3.82
2022,5.26
2022,8.09
2022,10.76
2022,11.21
2022,13.25
2022,4.55
2022,7.26
2022,10.73
2022,12.93
2022,17.18
2022,8.87
2022,3.95
2022,8.7
2022,11.2
2022,17.72
2022,10.27
2022,-2.2
2022,-1.09
2022,-0.06
2022,2.73
2022,5.12
2022,9.81
2022,12.86
2022,15.02
2022,16.05
2022,17.64
2022,20.35
2022,18.61
2022,5.76
2022,4.38
2022,6.88
2022,10.25
2022,2.52
2022,5.02
2022,9.81
2022,13.95
2022,13.85
2022,16.8
2022,18
2022,11.97
2022,14.95
2022,17.36
2022,17.07
2022,10.93
2022,10.49
2022,11
2022,16.41
2022,17.92
2022,19.84
2022,21.31
2022,22.24
2022,16.66
2022,13.11
2022,14.9
2022,17.74
2022,20.2
2022,20.3
2022,22.97
2022,16.26
2022,13.55
2022,12.25
2022,18.13
2022,20.89
2022,24.49
2022,23.02
2022,21.04
2022,16.6
2022,21.39
2022,22.79
2022,18.22
2022,16.05
2022,17.91
2022,24.48
2022,25.91
2022,25.4
2022,25.06
2022,23.19
2022,15.75
2022,16.3
2022,18.8
2022,22.11
2022,24.48
2022,23.42
2022,22.19
2022,23.76
2022,18.32
2022,23.22
2022,22.89
2022,21.81
2022,24.86
2022,28.03
2022,27.86
2022,26.98
2022,27
2022,26.99
2022,27.6
2022,27.98
2022,27.88
2022,26.87
2022,28.02
2022,28.78
2022,29.04
2022,28.89
2022,25.94
2022,19.91
2022,21.58
2022,22.58
2022,18.59
2022,21.61
2022,24.74
2022,26.34
2022,28.11
2022,29.02
2022,29.6
2022,28.36
2022,24.03
2022,23.62
2022,24.9
2022,26.88
2022,29.15
2022,29.78
2022,28.26
2022,28.87
2022,29.45
2022,31.98
2022,32.39
2022,31.95
2022,31.21
2022,30
2022,31.93
2022,31.78
2022,32.04
2022,33.04
2022,32.96
2022,33.52
2022,33.24
2022,34.33
2022,34.86
2022,34.35
2022,33.44
2022,30.12
2022,29.17
2022,29.63
2022,31.8
2022,31.81
2022,32.3
2022,32.46
2022,33.23
2022,33.87
2022,34.47
2022,34.67
2022,35.49
2022,35.98
2022,34.63
2022,34.66
2022,34.98
2022,35.59
2022,34
2022,33.18
2022,33.53
2022,35.43
2022,36.21
2022,36.25
2022,35.92
2022,32.85
2022,34.29
2022,33.51
2022,34.43
2022,35.19
2022,34.86
2022,34.96
2022,34.74
2022,34.69
2022,32.77
2022,34.35
2022,34.04
2022,34.78
2022,34.6
2022,34.61
2022,35.23
2022,33.17
2022,33.03
2022,33.35
2022,32.1
2022,30.7
2022,30.89
2022,31.5
2022,32.19
2022,32.61
2022,33.08
2022,33.38
2022,33.59
2022,27.53
2022,28.63
2022,28.66
2022,26.55
2022,24.27
2022,25.62
2022,26.08
2022,27.38
2022,27.83
2022,28.78
2022,29.42
2022,28.05
2022,26.22
2022,26.19
2022,25.9
2022,26.05
2022,27.8
2022,27.3
2022,26.87
2022,28.15
2022,28.42
2022,26.84
2022,25.54
2022,26.05
2022,23.32
2022,23.82
2022,24.68
2022,24.37
2022,24.3
2022,26.22
2022,28.42
2022,28.75
2022,28.71
2022,29.12
2022,29.04
2022,28.75
2022,27.94
2022,28.88
2022,29.08
2022,24.7
2022,24.98
2022,24.59
2022,22.29
2022,20.89
2022,20.83
2022,21.95
2022,22.36
2022,22.53
2022,23.13
2022,25.23
2022,24.93
2022,21.4
2022,21.54
2022,24.51
2022,24.55
2022,26.49
2022,21.26
2022,23.3
2022,26.33
2022,21.6
2022,16.56
2022,11.96
2022,12.2
2022,17.97
2022,21.24
2022,23.19
2022,24.75
2022,21.33
2022,15.09
2022,15.48
2022,14.97
2022,13.22
2022,14.96
2022,16.21
2022,17.05
2022,17.49
2022,16.79
2022,21.45
2022,20.09
2022,11.51
2022,16.93
2022,20.97
2022,21.34
2022,21.23
2022,20.48
2022,9.76
2022,5.08
2022,5.6
2022,5.37
2022,5.27
2022,6.14
2022,6.43
2022,4.86
2022,2.93
2022,4.35
2022,6.89
2022,8.83
2022,10.58
2022,12.34
2022,11.73
2022,10.28
2022,9.38
2022,10.98
2022,15.59
2022,3.98
2022,6.67
2022,13.47
2022,8.15
2022,8.49
2022,16.57
2022,18.37
2022,18.04
2022,19.24
2022,17.09
2022,16.92
2022,12.15
2022,14.44
2022,16.42
2022,7.8
2022,5.14
2022,3.96
2022,3.79
2022,5.3
2022,7.1
2022,6.68
2022,3.98
2022,-3.58
2022,-7.75
2022,-3.05
2022,0.42
2022,1.85
2022,0.65
2022,9.46
2022,14.17
2022,9.94
2022,12.55
2023,14.4
2023,18.52
2023,12.34
2023,7.27
2023,7.8
2023,11.96
2023,10.64
2023,8.83
2023,10.46
2023,14.47
2023,15.97
2023,8.31
2023,5.51
2023,7.14
2023,12.71
2023,16.87
2023,14.54
2023,15.42
2023,9.03
2023,8.23
2023,7.82
2023,4.86
2023,4.61
2023,4.12
2023,3.28
2023,3.63
2023,6.52
2023,11.12
2023,4.37
2023,-1.69
2023,-2.41
2023,-0.88
2023,0.22
2023,2.29
2023,5.84
2023,10.37
2023,15.04
2023,12.85
2023,6.54
2023,7.73
2023,4.94
2023,5.19
2023,8.76
2023,10.75
2023,15.06
2023,15.73
2023,4.21
2023,3.33
2023,4.91
2023,10.99
2023,16.23
2023,19.41
2023,18.88
2023,9.28
2023,7.93
2023,6.94
2023,15.1
2023,15.38
2023,15.81
2023,18.14
2023,18.43
2023,12
2023,13.5
2023,16.08
2023,19
2023,19.89
2023,13.55
2023,14.62
2023,12.97
2023,18.82
2023,13.03
2023,8.82
2023,9.93
2023,12.84
2023,15.16
2023,7.13
2023,6.36
2023,4.57
2023,8
2023,14.98
2023,21.73
2023,22.03
2023,19.1
2023,15.87
2023,15.45
2023,13.44
2023,11.55
2023,13.05
2023,17.64
2023,21.19
2023,15.26
2023,18.36
2023,22.34
2023,23.11
2023,15.77
2023,10.7
2023,12.47
2023,15.67
2023,16.96
2023,17.91
2023,17.7
2023,18.04
2023,19
2023,20.87
2023,20.85
2023,15.05
2023,18.06
2023,19.35
2023,22.97
2023,22.05
2023,17.9
2023,15.44
2023,10.64
2023,14.42
2023,16.94
2023,17.66
2023,16.67
2023,16.02
2023,14.92
2023,18.31
2023,17.27
2023,19.4
2023,21.12
2023,20.71
2023,26.35
2023,25.32
2023,24.32
2023,25.02
2023,24.5
2023,21.92
2023,24.15
2023,25.53
2023,25.06
2023,22.83
2023,23.96
2023,21.83
2023,21.98
2023,23.87
2023,25.63
2023,20.14
2023,19.67
2023,22.06
2023,22.56
2023,23.09
2023,23.99
2023,24.89
2023,24.83
2023,23.21
2023,25.05
2023,24.06
2023,25.95
2023,26.8
2023,27.28
2023,25.49
2023,24.22
2023,24.9
2023,25.36
2023,26.7
2023,26.22
2023,28.42
2023,29.94
2023,30.31
2023,26.4
2023,26.44
2023,29.09
2023,29.76
2023,29.73
2023,29.74
2023,30.06
2023,30.99
2023,32.25
2023,28.75
2023,27.9
2023,28.57
2023,31.45
2023,32.61
2023,32.99
2023,33.71
2023,33.2
2023,33.44
2023,32.15
2023,30.2
2023,30.47
2023,31.65
2023,30.81
2023,31.48
2023,31.46
2023,31.41
2023,32
2023,29.92
2023,30.92
2023,30.15
2023,33.88
2023,34.32
2023,34.69
2023,33.64
2023,29.24
2023,34.23
2023,35.76
2023,34.75
2023,34.28
2023,32.99
2023,30.5
2023,30.82
2023,32.94
2023,34.16
2023,33.96
2023,33.88
2023,33.7
2023,34.21
2023,34.76
2023,35.17
2023,36.1
2023,36.14
2023,35.86
2023,36.03
2023,36.43
2023,35.63
2023,35.43
2023,35.2
2023,35.83
2023,36.13
2023,36.14
2023,35.6
2023,35.56
2023,33.78
2023,30.72
2023,29.7
2023,33.96
2023,36.84
2023,36.62
2023,37.22
2023,35.87
2023,35.73
2023,35.15
2023,36.58
2023,37.1
2023,37.12
2023,34.2
2023,30.86
2023,31.07
2023,31.49
2023,31.31
2023,31.26
2023,30
2023,31.86
2023,32.62
2023,33.73
2023,34.74
2023,35.9
2023,36.25
2023,31
2023,28.81
2023,27.58
2023,25.67
2023,25.48
2023,23.63
2023,25.15
2023,25.84
2023,26.72
2023,27.3
2023,27.54
2023,27.61
2023,27.7
2023,28.61
2023,30.54
2023,30.61
2023,27.68
2023,27.57
2023,27.7
2023,28.66
2023,28.86
2023,28.45
2023,27.13
2023,27.5
2023,27.49
2023,27.52
2023,24.28
2023,22.79
2023,17.48
2023,19.13
2023,22.25
2023,22.92
2023,22.19
2023,22.17
2023,21.63
2023,16.19
2023,14.41
2023,13.35
2023,15.67
2023,18.86
2023,21.06
2023,22.61
2023,22.49
2023,23.42
2023,23.02
2023,23.08
2023,23.39
2023,24.07
2023,23.8
2023,17.82
2023,8.72
2023,5.29
2023,6.23
2023,5.46
2023,8.22
2023,12.88
2023,16.02
2023,18.51
2023,20.25
2023,21.54
2023,22.31
2023,15.05
2023,12.43
2023,12.89
2023,13.98
2023,13.74
2023,14.87
2023,14.92
2023,14.05
2023,15.16
2023,14.55
2023,14.83
2023,17.68
2023,10.34
2023,8.07
2023,8.34
2023,10
2023,10.05
2023,5.47
2023,5.89
2023,8.79
2023,9.31
2023,14.08
2023,9.3
2023,9.47
2023,10.37
2023,9.67
2023,10.41
2023,9.45
2023,13
2023,18.27
2023,11.36
2023,5.24
2023,7.34
2023,8.57
2023,9.15
2023,10.12
2023,10.53
2023,7.78
2023,10.19
2023,8.34
2023,6.24
2023,11.55
2023,13.09
2023,14.94
2023,15.65
2023,15.39
2023,5.02
2023,5.29
2023,4.28
2023,2.73
2023,3.74
2023,6.55
2023,7.44
2024,2.65
2024,4
2024,7.38
2024,7.93
2024,7.92
2024,5.59
2024,7.07
2024,9.23
2024,3.04
2024,7.09
2024,10.06
2024,2.59
2024,1.53
2024,-8.16
2024,-8.45
2024,-7.48
2024,-3.06
2024,3.53
2024,-2.27
2024,-2.74
2024,0.15
2024,2.06
2024,4.62
2024,6.58
2024,8.34
2024,9.36
2024,6.35
2024,7.28
2024,11.09
2024,13.41
2024,14.61
2024,13.97
2024,15.73
2024,14.18
2024,10.68
2024,10
2024,10.05
2024,12.61
2024,15.49
2024,14.1
2024,11.35
2024,8.75
2024,5.91
2024,8.41
2024,11.12
2024,14.16
2024,12.53
2024,2.83
2024,3.54
2024,9.06
2024,13.96
2024,17.94
2024,17.96
2024,13.97
2024,14.78
2024,17.49
2024,19.25
2024,20.83
2024,6.01
2024,7.57
2024,10.7
2024,16.33
2024,19.53
2024,20.87
2024,19.71
2024,17.99
2024,18.36
2024,16.37
2024,8.79
2024,9.73
2024,12.63
2024,16.99
2024,20.79
2024,21.96
2024,16.22
2024,14.43
2024,14.67
2024,9.78
2024,10.49
2024,14.71
2024,16.26
2024,16.43
2024,13.84
2024,16.43
2024,15.67
2024,8.14
2024,10.63
2024,13.41
2024,17.62
2024,19.32
2024,20.78
2024,22.13
2024,14.23
2024,13.71
2024,18.13
2024,18.8
2024,19.6
2024,17.97
2024,19.12
2024,19.52
2024,15.55
2024,15.21
2024,18.46
2024,19.71
2024,21.59
2024,22.51
2024,23.79
2024,23.4
2024,23.47
2024,17.13
2024,13.25
2024,13.81
2024,15.11
2024,18.86
2024,21.99
2024,22.64
2024,22.95
2024,23.91
2024,22.37
2024,21.41
2024,22.59
2024,23.24
2024,23.5
2024,23.76
2024,22.64
2024,22.4
2024,24.76
2024,24.76
2024,26.65
2024,23.18
2024,21.22
2024,20.88
2024,19.37
2024,21.69
2024,21.97
2024,23.33
2024,21.76
2024,21.56
2024,24.64
2024,26.01
2024,26.07
2024,26.41
2024,26.26
2024,26.21
2024,27.25
2024,27.11
2024,28.44
2024,27.51
2024,23.06
2024,23.92
2024,23.83
2024,23.65
2024,24.34
2024,24.59
2024,25.57
2024,26.77
2024,26.71
2024,26.55
2024,26.88
2024,27.55
2024,27.28
2024,25.04
2024,24.39
2024,25.81
2024,26.56
2024,26.79
2024,26.73
2024,27.14
2024,27.91
2024,27.59
2024,25.62
2024,27.24
2024,27.89
2024,28.4
2024,29.3
2024,29.56
2024,30.19
2024,30.99
2024,29.43
2024,30.81
2024,30.92
2024,30.97
2024,31.53
2024,31.37
2024,31.36
2024,31.77
2024,28.44
2024,28.75
2024,29.94
2024,26.91
2024,27.98
2024,29.34
2024,30.3
2024,30.06
2024,29.9
2024,30.79
2024,31.27
2024,31.85
2024,29.34
2024,28.94
2024,28.76
2024,28.61
2024,27.37
2024,26.01
2024,26.58
2024,28.22
2024,28.02
2024,27.33
2024,28.71
2024,30
2024,31.65
2024,31.95
2024,32.09
2024,32.32
2024,33.38
2024,32.21
2024,31.46
2024,30.92
2024,31.9
2024,33.87
2024,34.5
2024,32.13
2024,30.43
2024,32.46
2024,32.87
2024,33.65
2024,33.61
2024,33.74
2024,34.16
2024,34.49
2024,34.53
2024,35.19
2024,33.52
2024,31.38
2024,32.12
2024,33.84
2024,32.85
2024,32.75
2024,32.01
2024,31.63
2024,31.68
2024,31.29
2024,30.39
2024,30.36
2024,29.48
2024,27.69
2024,24.89
2024,24.54
2024,26.73
2024,27
2024,23.95
2024,21.7
2024,21.71
2024,23.91
2024,25.1
2024,25.42
2024,27.39
2024,27.62
2024,27.51
2024,27.06
2024,27.37
2024,28.79
2024,30.56
2024,31.14
2024,30.94
2024,29.81
2024,24.91
2024,26.07
2024,23.46
2024,22.65
2024,22.91
2024,23.48
2024,24.11
2024,25.76
2024,25.7
2024,24.67
2024,25.86
2024,25.22
2024,25.77
2024,26.79
2024,25.33
2024,22.96
2024,23.65
2024,24.86
2024,25.8
2024,26.68
2024,26.96
2024,22.78
2024,23.75
2024,15.44
2024,14.66
2024,17.55
2024,18.85
2024,19.6
2024,20.9
2024,24.82
2024,26.19
2024,25.59
2024,25.37
2024,23.93
2024,24.33
2024,25.88
2024,26.24
2024,26.28
2024,19.49
2024,18.06
2024,21.84
2024,23.43
2024,22.78
2024,16.62
2024,15.75
2024,18.25
2024,20.02
2024,15.66
2024,17.07
2024,16.92
2024,16.48
2024,16.77
2024,14.3
2024,13.37
2024,15.73
2024,20.19
2024,19.52
2024,14.85
2024,10.33
2024,10.97
2024,10.58
2024,13.24
2024,18.2
2024,11.91
2024,8.94
2024,15.48
2024,7.41
2024,6.03
2024,7.69
2024,8.02
2024,9.37
2024,7.99
2024,10.24
2024,7.77
2024,5.27
2024,7.15
2024,9.21
2024,11.25
2024,6.07
2024,6.44
2024,8.47
2024,12.4
2024,15.57
2024,16.41
2024,19.39
2024,17.05
2024,11.07
2024,8.68
2024,6.76
2024,4.76
2024,8.27
2024,14.28
2024,15.02
2024,11.41
2024,12.7
2024,13.12
2024,13.42
2024,12.4
2024,13.56
2024,8.61
